{
  "id": "1981010",
  "name": "fm",
  "font_family": "iconfont",
  "css_prefix_text": "icon-",
  "description": "",
  "glyphs": [
    {
      "icon_id": "579286",
      "name": "点赞",
      "font_class": "dianzan",
      "unicode": "e60c",
      "unicode_decimal": 58892
    },
    {
      "icon_id": "1165694",
      "name": "图层",
      "font_class": "xuanxiang",
      "unicode": "e612",
      "unicode_decimal": 58898
    },
    {
      "icon_id": "1605769",
      "name": "图片",
      "font_class": "picture",
      "unicode": "e6e9",
      "unicode_decimal": 59113
    },
    {
      "icon_id": "1841666",
      "name": "电台",
      "font_class": "diantai",
      "unicode": "e621",
      "unicode_decimal": 58913
    },
    {
      "icon_id": "6263289",
      "name": "电台直播",
      "font_class": "diantaizhibo",
      "unicode": "e65b",
      "unicode_decimal": 58971
    },
    {
      "icon_id": "6263340",
      "name": "暂停",
      "font_class": "zanting",
      "unicode": "e669",
      "unicode_decimal": 58985
    },
    {
      "icon_id": "6263352",
      "name": "播放",
      "font_class": "bofang",
      "unicode": "e66e",
      "unicode_decimal": 58990
    },
    {
      "icon_id": "6468300",
      "name": "静音",
      "font_class": "jingyin",
      "unicode": "e676",
      "unicode_decimal": 58998
    },
    {
      "icon_id": "6468301",
      "name": "声音2",
      "font_class": "shengyin",
      "unicode": "e677",
      "unicode_decimal": 58999
    },
    {
      "icon_id": "6528213",
      "name": "我的2",
      "font_class": "wode",
      "unicode": "e67b",
      "unicode_decimal": 59003
    },
    {
      "icon_id": "6660767",
      "name": "评论",
      "font_class": "pinglun",
      "unicode": "e67e",
      "unicode_decimal": 59006
    },
    {
      "icon_id": "6742356",
      "name": "工作",
      "font_class": "gongzuo",
      "unicode": "e687",
      "unicode_decimal": 59015
    },
    {
      "icon_id": "7417086",
      "name": "上一首",
      "font_class": "shangyishou",
      "unicode": "e603",
      "unicode_decimal": 58883
    },
    {
      "icon_id": "7417092",
      "name": "下一首",
      "font_class": "xiayishou",
      "unicode": "e602",
      "unicode_decimal": 58882
    },
    {
      "icon_id": "7429922",
      "name": "心",
      "font_class": "xin",
      "unicode": "e698",
      "unicode_decimal": 59032
    },
    {
      "icon_id": "10025419",
      "name": "下一个",
      "font_class": "next01",
      "unicode": "e738",
      "unicode_decimal": 59192
    }
  ]
}
